a_x,a_y,a_z,t
-0.00531,-0.01055,0.25163,0.0027108192443847656
-0.00586,-0.01025,0.24992,0.0055425167083740234
-0.0047,-0.0097,0.24955,0.008285045623779297
-0.00354,-0.01171,0.24803,0.008536338806152344
-0.00366,-0.0108,0.24967,0.011269569396972656
-0.00665,-0.00854,0.24699,0.013939380645751953
-0.00482,-0.0097,0.25077,0.01672959327697754
-0.00311,-0.00982,0.24784,0.019561052322387695
-0.00622,-0.00927,0.24949,0.019948959350585938
-0.00378,-0.01049,0.25022,0.022613525390625
-0.00488,-0.01257,0.25468,0.025176286697387695
-0.00421,-0.01043,0.25016,0.028015851974487305
-0.00335,-0.01128,0.24882,0.030714750289916992
-0.00543,-0.01177,0.24607,0.03337883949279785
-0.00702,-0.01104,0.2501,0.03372311592102051
-0.00622,-0.00976,0.24906,0.03627824783325195
-0.00378,-0.01037,0.25181,0.03895735740661621
-0.00287,-0.00921,0.24882,0.04186892509460449
-0.00378,-0.00903,0.24687,0.04449105262756348
-0.00573,-0.01122,0.25254,0.044774770736694336
-0.0039,-0.01019,0.24796,0.04741549491882324
-0.00476,-0.01061,0.24766,0.05032944679260254
-0.00586,-0.00939,0.2462,0.05300784111022949
-0.00287,-0.00848,0.24882,0.05568528175354004
-0.00482,-0.01092,0.24705,0.05604195594787598
-0.00708,-0.01141,0.25059,0.058660030364990234
-0.00525,-0.01086,0.24553,0.06149649620056152
-0.00433,-0.0097,0.24754,0.06409907341003418
-0.00366,-0.00927,0.24534,0.06688761711120605
-0.00647,-0.00952,0.2498,0.06949877738952637
-0.00653,-0.0111,0.25388,0.06990599632263184
-0.00458,-0.00958,0.24491,0.0726771354675293
-0.00409,-0.00872,0.24705,0.07534170150756836
-0.00317,-0.0111,0.23534,0.07819366455078125
-0.005,-0.01013,0.24516,0.0807957649230957
-0.00311,-0.01098,0.24973,0.08116555213928223
-0.00586,-0.01025,0.2512,0.08394765853881836
-0.00451,-0.00952,0.24772,0.08647847175598145
-0.0058,-0.00897,0.26273,0.08918929100036621
-0.0058,-0.00921,0.24638,0.0919189453125
-0.00494,-0.01196,0.24931,0.09230661392211914
-0.00403,-0.00976,0.24607,0.09504365921020508
-0.005,-0.00939,0.24485,0.0989375114440918
-0.00372,-0.00872,0.24784,0.10170936584472656
-0.00573,-0.01196,0.23601,0.1043694019317627
-0.005,-0.00939,0.24553,0.1070547103881836
-0.0047,-0.00958,0.25138,0.10749650001525879
-0.00464,-0.01074,0.2501,0.11009478569030762
-0.00494,-0.01104,0.24632,0.11298418045043945
-0.00787,-0.01153,0.26303,0.1155385971069336
-0.00488,-0.00903,0.25205,0.11816596984863281
-0.00506,-0.01013,0.24918,0.11850929260253906
-0.00372,-0.0097,0.24742,0.12122058868408203
-0.00397,-0.01104,0.24662,0.12395977973937988
-0.00744,-0.00817,0.24742,0.12662792205810547
-0.00586,-0.01025,0.24827,0.1293652057647705
-0.00549,-0.01171,0.25004,0.1296696662902832
-0.0036,-0.01055,0.24467,0.13254594802856445
-0.00409,-0.01068,0.24943,0.1352076530456543
-0.00512,-0.00952,0.24675,0.13791441917419434
-0.00525,-0.01025,0.24851,0.1405341625213623
-0.0039,-0.01183,0.25297,0.1433258056640625
-0.00488,-0.01086,0.24248,0.14388632774353027
-0.00458,-0.01068,0.25193,0.1465921401977539
-0.00335,-0.01104,0.23717,0.14910006523132324
-0.0011,-0.00842,0.25028,0.15176653861999512
-0.00482,-0.0108,0.25077,0.15446233749389648
-0.00641,-0.01098,0.24693,0.15482378005981445
-0.00317,-0.00976,0.24644,0.15755891799926758
-0.00409,-0.00994,0.2526,0.16029953956604004
-0.00305,-0.00903,0.24613,0.16290283203125
-0.0058,-0.01092,0.24998,0.1656169891357422
-0.00488,-0.01074,0.25199,0.16605257987976074
-0.00274,-0.01128,0.24784,0.168745756149292
-0.00372,-0.00921,0.25156,0.17137789726257324
-0.00641,-0.00994,0.25388,0.17412066459655762
-0.00634,-0.01037,0.24632,0.17676711082458496
-0.00415,-0.01037,0.24546,0.17956781387329102
-0.00415,-0.01074,0.25016,0.18008089065551758
-0.00488,-0.01098,0.24845,0.1826622486114502
-0.00281,-0.01,0.2476,0.1853322982788086
-0.00427,-0.01183,0.24796,0.18803691864013672
-0.00439,-0.00927,0.24906,0.19062185287475586
-0.00543,-0.01043,0.25047,0.1910860538482666
-0.00458,-0.01006,0.24955,0.19380974769592285
-0.00555,-0.01165,0.25126,0.1963198184967041
-0.00549,-0.00976,0.25053,0.19996929168701172
-0.0072,-0.01037,0.25144,0.2025153636932373
-0.00439,-0.00903,0.25132,0.20282697677612305
-0.0047,-0.01068,0.24925,0.20547127723693848
-0.00598,-0.00891,0.2479,0.20833325386047363
-0.005,-0.01122,0.25095,0.21122479438781738
-0.00647,-0.01098,0.24607,0.21394014358520508
-0.00427,-0.00878,0.24815,0.21645331382751465
-0.00549,-0.01006,0.25034,0.21688485145568848
-0.00378,-0.00988,0.24845,0.21961212158203125
-0.00335,-0.00811,0.2523,0.2223048210144043
-0.00543,-0.01055,0.25382,0.22486591339111328
-0.0047,-0.01153,0.2465,0.22767210006713867
-0.00317,-0.01092,0.2462,0.22805309295654297
-0.00342,-0.00915,0.2476,0.23069453239440918
-0.00488,-0.00964,0.24815,0.23338866233825684
-0.00494,-0.01043,0.26291,0.23619842529296875
-0.00299,-0.00824,0.25126,0.23872590065002441
-0.00464,-0.00964,0.24717,0.2391352653503418
-0.00274,-0.01019,0.25413,0.241743803024292
-0.00531,-0.00909,0.2476,0.24441289901733398
-0.00244,-0.00939,0.2487,0.24709129333496094
-0.00451,-0.0111,0.24735,0.24992728233337402
-0.00604,-0.01025,0.24693,0.2525029182434082
-0.0061,-0.01104,0.2512,0.25265955924987793
-0.00445,-0.01019,0.24858,0.25539302825927734
-0.00573,-0.00903,0.24851,0.25832390785217285
-0.00433,-0.01043,0.2523,0.2610287666320801
-0.00482,-0.01202,0.24827,0.26372265815734863
-0.00409,-0.00836,0.24803,0.26403021812438965
-0.00458,-0.01006,0.24949,0.26679468154907227
-0.00683,-0.01159,0.2637,0.2694222927093506
-0.00335,-0.0108,0.2523,0.27204322814941406
-0.00262,-0.00909,0.24589,0.27493739128112793
-0.00274,-0.0086,0.24528,0.2751889228820801
-0.00348,-0.01128,0.24546,0.2779202461242676
-0.00293,-0.00952,0.24522,0.2807657718658447
-0.00665,-0.01006,0.249,0.2834591865539551
-0.00488,-0.00842,0.24986,0.28614044189453125
-0.0036,-0.00994,0.24961,0.2887763977050781
-0.00415,-0.00927,0.25309,0.2891678810119629
-0.00573,-0.00939,0.24693,0.2918071746826172
-0.00317,-0.00964,0.25217,0.29462265968322754
-0.00415,-0.01019,0.24796,0.2972245216369629
-0.00439,-0.01074,0.24809,0.3006582260131836
-0.0039,-0.00939,0.24748,0.3010084629058838
-0.00616,-0.01092,0.24644,0.3036322593688965
-0.00403,-0.01098,0.24888,0.30655384063720703
-0.00525,-0.00836,0.24839,0.3092072010040283
-0.005,-0.0108,0.2479,0.3118858337402344
-0.00488,-0.00854,0.24742,0.3122518062591553
-0.00409,-0.0108,0.24729,0.3148934841156006
-0.00586,-0.01037,0.24918,0.31752753257751465
-0.00464,-0.00958,0.25144,0.3201591968536377
-0.00311,-0.01068,0.24931,0.32286548614501953
-0.00439,-0.01135,0.25028,0.32576632499694824
-0.00451,-0.01049,0.24595,0.3262815475463867
-0.00323,-0.01019,0.25034,0.3286590576171875
-0.00317,-0.00927,0.24467,0.33138608932495117
-0.00555,-0.0108,0.24803,0.3340489864349365
-0.00433,-0.0097,0.24876,0.33673715591430664
-0.00616,-0.01104,0.25175,0.3371567726135254
-0.00354,-0.01244,0.24815,0.34015583992004395
-0.00421,-0.01153,0.25132,0.342832088470459
-0.00439,-0.00988,0.23503,0.3456721305847168
-0.00628,-0.01165,0.24717,0.34824538230895996
-0.00714,-0.01159,0.24955,0.3486974239349365
-0.00616,-0.01006,0.25114,0.35124993324279785
-0.00384,-0.00958,0.25144,0.3541889190673828
-0.00519,-0.01006,0.24723,0.35683131217956543
-0.00506,-0.01019,0.24906,0.3594174385070801
-0.00537,-0.01068,0.2465,0.3620724678039551
-0.00299,-0.00909,0.24778,0.36248207092285156
-0.00445,-0.00958,0.25102,0.36497998237609863
-0.00464,-0.01086,0.25065,0.3679652214050293
-0.00598,-0.01049,0.24668,0.3704719543457031
-0.00421,-0.00946,0.25205,0.37342143058776855
-0.00268,-0.00891,0.2523,0.3738713264465332
-0.0039,-0.00976,0.2487,0.376361608505249
-0.00226,-0.00811,0.2454,0.3791649341583252
-0.00622,-0.01122,0.25163,0.3818087577819824
-0.00519,-0.01019,0.25132,0.38437318801879883
-0.00378,-0.00848,0.24559,0.38477563858032227
-0.00567,-0.01128,0.25327,0.38754892349243164
-0.00519,-0.0097,0.24632,0.3901956081390381
-0.00403,-0.01037,0.24833,0.39295268058776855
-0.00573,-0.0122,0.25156,0.3955955505371094
-0.00512,-0.01049,0.24851,0.39837217330932617
-0.00384,-0.01055,0.24742,0.3987710475921631
-0.0039,-0.01049,0.24742,0.4015364646911621
-0.00476,-0.01025,0.24858,0.4047870635986328
-0.0061,-0.01013,0.24571,0.4075136184692383
-0.00409,-0.01141,0.24601,0.4100770950317383
-0.00305,-0.01013,0.24742,0.4104471206665039
-0.00567,-0.01116,0.24735,0.4133446216583252
-0.0047,-0.01006,0.26407,0.4160194396972656
-0.00604,-0.01068,0.2498,0.4186575412750244
-0.00378,-0.00976,0.2501,0.42144107818603516
-0.00445,-0.0108,0.25034,0.4218428134918213
-0.00543,-0.01019,0.25352,0.4244236946105957
-0.00293,-0.01086,0.23607,0.4272167682647705
-0.00366,-0.01013,0.25041,0.42992615699768066
-0.00403,-0.00946,0.24595,0.43245768547058105
-0.00506,-0.01141,0.25126,0.43526268005371094
-0.00397,-0.01068,0.24918,0.43582844734191895
-0.00525,-0.00976,0.24894,0.43823742866516113
-0.00335,-0.01092,0.249,0.44083499908447266
-0.00525,-0.0086,0.24925,0.44357728958129883
-0.00335,-0.01043,0.25163,0.4463057518005371
-0.00616,-0.00958,0.2462,0.44659423828125
-0.00409,-0.00946,0.24906,0.449390172958374
-0.00537,-0.00878,0.25407,0.4521031379699707
-0.00299,-0.01068,0.24833,0.4547882080078125
-0.00506,-0.00781,0.25034,0.4575822353363037
-0.00451,-0.00939,0.25175,0.45803403854370117
-0.0022,-0.00842,0.23625,0.4606771469116211
-0.0025,-0.00982,0.24803,0.46332406997680664
-0.00317,-0.00891,0.24815,0.46609950065612793
-0.00519,-0.0097,0.24967,0.46875429153442383
-0.00665,-0.01116,0.24998,0.47138142585754395
-0.00549,-0.00988,0.24973,0.471935510635376
-0.00476,-0.01086,0.2462,0.47469615936279297
-0.00403,-0.01183,0.24784,0.477097749710083
-0.00226,-0.01165,0.24357,0.47988295555114746
-0.00384,-0.01019,0.25211,0.4824635982513428
-0.00506,-0.0108,0.24967,0.48276734352111816
-0.00555,-0.00982,0.24943,0.4854731559753418
-0.00561,-0.01037,0.25138,0.4881582260131836
-0.00458,-0.00988,0.24742,0.49089884757995605
-0.00494,-0.01068,0.24803,0.49358105659484863
-0.00427,-0.00866,0.23668,0.4939463138580322
-0.00445,-0.01153,0.24882,0.4965944290161133
-0.00519,-0.0111,0.24485,0.4994990825653076
-0.00537,-0.01086,0.24717,0.501976490020752
-0.00421,-0.01013,0.25034,0.504951000213623
-0.00323,-0.00897,0.24595,0.5079541206359863
-0.00397,-0.00897,0.2515,0.508115291595459
-0.00488,-0.01013,0.25327,0.5110361576080322
-0.00586,-0.00964,0.24626,0.5137512683868408
-0.00561,-0.0083,0.24955,0.5165209770202637
-0.00781,-0.01366,0.24918,0.5193283557891846
-0.00256,-0.00659,0.23576,0.5195903778076172
-0.00464,-0.01391,0.24607,0.5221519470214844
-0.00634,-0.00781,0.25169,0.5249290466308594
-0.00561,-0.01128,0.24662,0.5276529788970947
-0.00458,-0.00787,0.24943,0.5304510593414307
-0.00427,-0.00854,0.24626,0.5307357311248779
-0.00433,-0.01019,0.25022,0.5334861278533936
-0.00268,-0.01086,0.24955,0.5361349582672119
-0.00512,-0.00964,0.24748,0.5389101505279541
-0.00464,-0.00854,0.24809,0.5415976047515869
-0.00403,-0.01171,0.23473,0.5443112850189209
-0.00476,-0.00866,0.24613,0.544684886932373
-0.00451,-0.01025,0.24961,0.5473713874816895
-0.00549,-0.00976,0.24845,0.5501816272735596
-0.00531,-0.00994,0.24918,0.5528464317321777
-0.00604,-0.00872,0.23625,0.5554466247558594
-0.00171,-0.00988,0.25022,0.5557847023010254
-0.00519,-0.0108,0.24912,0.5586543083190918
-0.00403,-0.00897,0.24809,0.5611004829406738
-0.00634,-0.00988,0.25315,0.5640168190002441
-0.00378,-0.0111,0.26517,0.5666713714599609
-0.00659,-0.01122,0.2476,0.5670249462127686
-0.00366,-0.00854,0.2523,0.5696210861206055
-0.00403,-0.01135,0.24931,0.5725092887878418
-0.00506,-0.00909,0.25108,0.5751743316650391
-0.00494,-0.01287,0.24961,0.5778303146362305
-0.00458,-0.01141,0.24827,0.5804028511047363
-0.00372,-0.00958,0.24778,0.5807785987854004
-0.00372,-0.01141,0.25303,0.5836315155029297
-0.00525,-0.01086,0.24851,0.5862724781036377
-0.00659,-0.0111,0.25132,0.5889749526977539
-0.00421,-0.01153,0.24894,0.5915498733520508
-0.00665,-0.0108,0.24931,0.5918920040130615
-0.00512,-0.01,0.24742,0.5946779251098633
-0.00476,-0.00817,0.24504,0.5976719856262207
-0.00458,-0.01055,0.254,0.6003575325012207
-0.00586,-0.01244,0.24778,0.6031043529510498
-0.00628,-0.01031,0.26407,0.6035563945770264
-0.0047,-0.00872,0.25199,0.606095552444458
-0.00458,-0.0119,0.24906,0.6093540191650391
-0.00305,-0.00964,0.23503,0.6119036674499512
-0.00641,-0.0108,0.25413,0.614443302154541
-0.00299,-0.01031,0.2462,0.6174089908599854
-0.00451,-0.01031,0.24644,0.6178765296936035
-0.00482,-0.01068,0.24906,0.6204061508178711
-0.0025,-0.01068,0.2357,0.6231169700622559
-0.00317,-0.00988,0.2487,0.6259047985076904
-0.0039,-0.01037,0.25223,0.6285676956176758
-0.00549,-0.00903,0.24613,0.6289880275726318
-0.00403,-0.01013,0.25028,0.6316635608673096
-0.00549,-0.00939,0.24803,0.6342554092407227
-0.00281,-0.01,0.24949,0.6368505954742432
-0.005,-0.01135,0.24626,0.6398932933807373
-0.00378,-0.00891,0.24693,0.6403107643127441
-0.00512,-0.01013,0.25016,0.6428725719451904
-0.00458,-0.00946,0.24858,0.6455495357513428
-0.00567,-0.01055,0.24735,0.648087739944458
-0.00506,-0.00982,0.24522,0.6507935523986816
-0.0058,-0.00872,0.24766,0.6534662246704102
-0.0047,-0.00897,0.24864,0.653801441192627
-0.00287,-0.01006,0.249,0.6565921306610107
-0.00683,-0.00952,0.25065,0.6592204570770264
-0.00335,-0.00799,0.25077,0.6619534492492676
-0.00366,-0.00878,0.2479,0.6647005081176758
-0.00293,-0.01,0.24906,0.6651134490966797
-0.00494,-0.00982,0.24961,0.667604923248291
-0.00384,-0.00921,0.25095,0.670417070388794
-0.00494,-0.01202,0.24876,0.6731994152069092
-0.005,-0.01043,0.24845,0.675912618637085
-0.00409,-0.01147,0.2515,0.676278829574585
-0.00372,-0.0097,0.25114,0.679060697555542
-0.00665,-0.01019,0.2487,0.681725263595581
-0.00476,-0.01122,0.25388,0.684237003326416
-0.00372,-0.01049,0.2476,0.6870086193084717
-0.00543,-0.01019,0.24742,0.6895599365234375
-0.00439,-0.01061,0.25077,0.6899158954620361
-0.00598,-0.0111,0.26486,0.6927139759063721
-0.00482,-0.01153,0.25132,0.6954989433288574
-0.0025,-0.00927,0.24693,0.6983580589294434
-0.00274,-0.00964,0.24772,0.7011756896972656
-0.00433,-0.0108,0.24607,0.7015430927276611
-0.00476,-0.01013,0.25083,0.7041995525360107
-0.00329,-0.00976,0.2354,0.7068698406219482
-0.00427,-0.0122,0.24803,0.7095544338226318
-0.00195,-0.00878,0.24778,0.712590217590332
-0.0047,-0.01019,0.2512,0.7129464149475098
-0.00445,-0.01238,0.23424,0.7157986164093018
-0.00708,-0.01025,0.24961,0.7184433937072754
-0.00287,-0.00988,0.25163,0.7211098670959473
-0.00506,-0.01025,0.24888,0.7239623069763184
-0.00482,-0.01092,0.24845,0.7264769077301025
-0.00458,-0.00958,0.23534,0.7269096374511719
-0.00256,-0.0111,0.24876,0.7296311855316162
-0.00537,-0.01031,0.2498,0.7322201728820801
-0.00415,-0.01141,0.25217,0.7349812984466553
-0.00525,-0.00927,0.25138,0.737727165222168
-0.00555,-0.01031,0.24803,0.7381508350372314
-0.00384,-0.00946,0.24858,0.7406079769134521
-0.00604,-0.01013,0.2537,0.7431380748748779
-0.00451,-0.0119,0.2462,0.745851993560791
-0.00445,-0.00921,0.24595,0.7486865520477295
-0.00488,-0.01074,0.24961,0.7489027976989746
-0.00744,-0.01159,0.244,0.75180983543396
-0.00677,-0.01141,0.24864,0.7545654773712158
-0.00537,-0.01128,0.24821,0.7571477890014648
-0.00604,-0.01019,0.24949,0.7598726749420166
-0.00397,-0.00958,0.2487,0.7626156806945801
-0.00427,-0.01013,0.24717,0.7628161907196045
-0.00445,-0.01092,0.24931,0.7654786109924316
-0.00604,-0.01263,0.24912,0.7683789730072021
-0.00592,-0.00921,0.24693,0.7710647583007812
-0.00512,-0.01086,0.24925,0.7737929821014404
-0.00464,-0.00878,0.249,0.7740755081176758
-0.00647,-0.00976,0.24858,0.7769913673400879
-0.00647,-0.0097,0.25071,0.7796657085418701
-0.00506,-0.00824,0.249,0.7822721004486084
-0.0047,-0.01055,0.24906,0.7850158214569092
-0.00628,-0.00946,0.26315,0.7853474617004395
-0.00512,-0.00671,0.24937,0.7881460189819336
-0.00628,-0.0119,0.24943,0.7908475399017334
-0.00384,-0.00848,0.24723,0.7933309078216553
-0.00281,-0.00964,0.24504,0.7961719036102295
-0.00335,-0.00836,0.24687,0.7992227077484131
-0.00573,-0.00903,0.25315,0.7996485233306885
-0.00329,-0.00964,0.24845,0.8022556304931641
-0.00439,-0.01049,0.24748,0.8051285743713379
-0.00281,-0.00952,0.24754,0.807844877243042
-0.00622,-0.0108,0.25132,0.8105108737945557
-0.00592,-0.01116,0.24748,0.8108847141265869
-0.00427,-0.01159,0.24583,0.81390380859375
-0.00586,-0.00726,0.25608,0.8168430328369141
-0.00537,-0.01074,0.24912,0.8194222450256348
-0.00323,-0.01006,0.24742,0.8222081661224365
-0.00543,-0.01092,0.26352,0.822655439376831
-0.00421,-0.01116,0.23497,0.8252882957458496
-0.00232,-0.01049,0.24918,0.8279440402984619
-0.00384,-0.01043,0.24833,0.8307318687438965
-0.00561,-0.01135,0.24803,0.8332846164703369
-0.00451,-0.00952,0.25059,0.8359687328338623
-0.00281,-0.01147,0.24766,0.8363852500915527
-0.00335,-0.0097,0.24394,0.8391032218933105
-0.00378,-0.01,0.24973,0.8417391777038574
-0.00555,-0.01116,0.2526,0.8443508148193359
-0.00281,-0.01061,0.24815,0.8470883369445801
-0.00616,-0.00946,0.26389,0.8474960327148438
-0.00598,-0.01098,0.24845,0.8500814437866211
-0.00378,-0.01031,0.24821,0.8529965877532959
-0.00488,-0.0108,0.24937,0.8556621074676514
-0.00476,-0.00891,0.24717,0.8583438396453857
-0.00464,-0.01025,0.26352,0.8587827682495117
-0.00695,-0.01,0.24906,0.8614184856414795
-0.00213,-0.00952,0.24851,0.8639750480651855
-0.00427,-0.01171,0.25065,0.8665714263916016
-0.00427,-0.01,0.24717,0.8695218563079834
-0.00464,-0.01049,0.2368,0.8720159530639648
-0.00512,-0.00988,0.24559,0.8724081516265869
-0.00415,-0.01013,0.25132,0.8752973079681396
-0.00702,-0.0119,0.24882,0.8780026435852051
-0.005,-0.01037,0.24821,0.8805029392242432
-0.00628,-0.01055,0.23808,0.8833060264587402
-0.00238,-0.00982,0.25053,0.883716344833374
-0.005,-0.01068,0.24833,0.8864374160766602
-0.00561,-0.0108,0.24955,0.8891289234161377
-0.00592,-0.01165,0.2487,0.8918304443359375
-0.00476,-0.01135,0.26352,0.8945250511169434
-0.00671,-0.01098,0.24912,0.8948624134063721
-0.00421,-0.00884,0.24986,0.897597074508667
-0.00555,-0.01061,0.24998,0.9003047943115234
-0.00451,-0.0111,0.24784,0.9030411243438721
-0.00628,-0.01092,0.24827,0.9057295322418213
-0.00519,-0.01055,0.25144,0.9085114002227783
-0.00543,-0.00897,0.26309,0.9089579582214355
-0.00506,-0.00946,0.24693,0.9116206169128418
-0.00494,-0.01104,0.24876,0.9143741130828857
-0.00512,-0.00952,0.24662,0.9173035621643066
-0.00677,-0.0097,0.24687,0.9200665950775146
-0.00616,-0.01104,0.25004,0.9204742908477783
-0.00543,-0.00878,0.24882,0.9232571125030518
-0.00317,-0.00976,0.24595,0.9259207248687744
-0.00531,-0.0097,0.24912,0.928694486618042
-0.00256,-0.00915,0.24693,0.9313509464263916
-0.00409,-0.00799,0.2462,0.931809663772583
-0.00695,-0.01068,0.25449,0.9343578815460205
-0.00439,-0.01025,0.24638,0.9369118213653564
-0.0047,-0.00921,0.24559,0.9396531581878662
-0.00329,-0.01025,0.24754,0.9424755573272705
-0.00616,-0.00848,0.2498,0.9451248645782471
-0.00415,-0.01,0.25425,0.945610761642456
-0.00476,-0.01,0.24864,0.9481925964355469
-0.00366,-0.00964,0.24437,0.9510631561279297
-0.00427,-0.01159,0.24967,0.953559160232544
-0.00409,-0.00933,0.24577,0.9561693668365479
-0.00397,-0.00903,0.25102,0.9564745426177979
-0.00439,-0.00964,0.249,0.959294319152832
-0.00476,-0.00964,0.24827,0.9620935916900635
-0.00525,-0.00952,0.26425,0.9647700786590576
-0.00573,-0.00866,0.24778,0.9674408435821533
-0.00598,-0.01208,0.24961,0.967839241027832
-0.00415,-0.00939,0.24668,0.9705424308776855
-0.0036,-0.01043,0.25108,0.9732842445373535
-0.00604,-0.00982,0.23448,0.975893497467041
-0.00531,-0.01153,0.24675,0.9786412715911865
-0.00354,-0.0086,0.25108,0.9813990592956543
-0.00323,-0.01019,0.25041,0.98183274269104
-0.00525,-0.01025,0.2462,0.984400749206543
-0.00378,-0.01171,0.23558,0.9871413707733154
-0.00421,-0.01006,0.2443,0.9895946979522705
-0.00458,-0.01019,0.25211,0.9924390316009521
-0.00433,-0.00824,0.24882,0.9928073883056641
-0.00433,-0.01068,0.2465,0.9954845905303955
-0.00512,-0.00891,0.24717,0.9982481002807617
-0.00397,-0.01055,0.23613,1.0007166862487793
-0.00287,-0.01092,0.24998,1.0036113262176514
-0.00183,-0.01013,0.24821,1.0037972927093506
-0.00634,-0.01141,0.24815,1.0065343379974365
-0.00561,-0.01098,0.24833,1.0092542171478271
-0.00567,-0.01226,0.23638,1.0119917392730713
-0.00427,-0.01171,0.24931,1.0148134231567383
-0.0025,-0.00964,0.2479,1.0175764560699463
-0.00372,-0.01068,0.24998,1.017852544784546
-0.00482,-0.00946,0.24912,1.0205419063568115
-0.00476,-0.01122,0.24912,1.023357629776001
-0.00384,-0.01092,0.25284,1.026047706604004
-0.00494,-0.00958,0.249,1.0287716388702393
-0.00543,-0.00921,0.2501,1.0290720462799072
-0.00445,-0.01055,0.24821,1.0316205024719238
-0.0036,-0.01031,0.23442,1.0344583988189697
-0.0061,-0.01074,0.24876,1.0372495651245117
-0.00494,-0.01049,0.25156,1.0403227806091309
-0.00616,-0.00927,0.24681,1.0406475067138672
-0.00817,-0.01,0.25419,1.043306827545166
-0.00439,-0.01037,0.24644,1.046093463897705
-0.00616,-0.01049,0.25321,1.0487830638885498
-0.00415,-0.00787,0.24644,1.0514907836914062
-0.00464,-0.01098,0.24754,1.0541646480560303
-0.00378,-0.01074,0.24723,1.054473638534546
-0.00622,-0.01135,0.24784,1.0572528839111328
-0.00329,-0.01074,0.24998,1.0599682331085205
-0.00384,-0.01013,0.24717,1.0626335144042969
-0.00366,-0.01025,0.25022,1.0654282569885254
-0.00695,-0.00891,0.24858,1.065734624862671
-0.00421,-0.00982,0.24876,1.06833815574646
-0.00476,-0.01006,0.24735,1.0711274147033691
-0.00476,-0.00891,0.24583,1.0739128589630127
-0.00604,-0.01104,0.24668,1.0766007900238037
-0.00531,-0.01141,0.24693,1.0769731998443604
-0.00628,-0.00811,0.24833,1.0796830654144287
-0.00348,-0.0108,0.25144,1.0824923515319824
-0.00342,-0.00982,0.24839,1.085134744644165
-0.00335,-0.00897,0.24943,1.0876591205596924
-0.00323,-0.00994,0.26535,1.0903773307800293
-0.00183,-0.00964,0.2498,1.090818166732788
-0.0036,-0.00952,0.24973,1.0934205055236816
-0.00342,-0.01013,0.2465,1.0962097644805908
-0.00403,-0.0111,0.25461,1.0989999771118164
-0.00488,-0.01208,0.24925,1.1017253398895264
-0.00342,-0.00988,0.24943,1.102109670639038
-0.00427,-0.00878,0.24412,1.1048188209533691
-0.00421,-0.00952,0.24772,1.1076240539550781
-0.00482,-0.00946,0.24992,1.1102259159088135
-0.00573,-0.01013,0.24675,1.1128573417663574
-0.00384,-0.01019,0.26401,1.1132402420043945
-0.0072,-0.00964,0.24973,1.115910291671753
-0.00299,-0.00781,0.24998,1.1186821460723877
-0.00549,-0.01147,0.24876,1.1217987537384033
-0.00573,-0.00891,0.24571,1.1246485710144043
-0.00555,-0.01104,0.254,1.1273384094238281
-0.00549,-0.00927,0.2479,1.1278860569000244
-0.0047,-0.0108,0.25217,1.1304054260253906
-0.00409,-0.01128,0.24729,1.1329424381256104
-0.00403,-0.01013,0.25059,1.135761022567749
-0.00415,-0.01037,0.25315,1.1381549835205078
-0.00329,-0.01,0.24668,1.138493537902832
-0.00592,-0.01208,0.24815,1.1414926052093506
-0.00433,-0.01055,0.24809,1.1441125869750977
-0.00555,-0.01128,0.24876,1.146820306777954
-0.00403,-0.01098,0.25095,1.14963960647583
-0.00494,-0.01141,0.2476,1.1501023769378662
-0.00372,-0.00988,0.25181,1.1528401374816895
-0.00458,-0.00897,0.24571,1.155381202697754
-0.00445,-0.01031,0.24772,1.1578929424285889
-0.00561,-0.00878,0.24943,1.1607413291931152
-0.00403,-0.01147,0.24784,1.1634016036987305
-0.00403,-0.00982,0.24601,1.1637611389160156
-0.00415,-0.01135,0.2498,1.1664342880249023
-0.00543,-0.01068,0.25364,1.1689658164978027
-0.00634,-0.00952,0.25315,1.171844720840454
-0.0039,-0.01086,0.24656,1.1746492385864258
-0.00439,-0.00897,0.25089,1.1751158237457275
-0.00451,-0.01159,0.24827,1.1778297424316406
-0.00354,-0.0111,0.24528,1.1804065704345703
-0.0061,-0.01147,0.26425,1.1830940246582031
-0.00335,-0.00994,0.25138,1.1857502460479736
-0.00464,-0.00982,0.2462,1.1860854625701904
-0.00476,-0.01037,0.25339,1.1887896060943604
-0.0047,-0.00958,0.24803,1.191298246383667
-0.00366,-0.01061,0.23485,1.1942205429077148
-0.00348,-0.01068,0.24772,1.1969079971313477
-0.00397,-0.00976,0.24693,1.1996805667877197
-0.00427,-0.00958,0.24742,1.2002313137054443
-0.00354,-0.01122,0.25016,1.2029638290405273
-0.00451,-0.00927,0.24833,1.2054448127746582
-0.00641,-0.01068,0.26358,1.2082271575927734
-0.00543,-0.00958,0.24894,1.2110035419464111
-0.0036,-0.01098,0.25156,1.2114200592041016
-0.00342,-0.01104,0.249,1.2140161991119385
-0.00458,-0.00958,0.2454,1.2166848182678223
-0.00445,-0.01006,0.2379,1.2193243503570557
-0.00348,-0.00994,0.2487,1.2226247787475586
-0.005,-0.01128,0.24742,1.2230420112609863
-0.00433,-0.00982,0.24876,1.2257323265075684
-0.00403,-0.00939,0.24778,1.2283387184143066
-0.00561,-0.00903,0.24815,1.2309751510620117
-0.00543,-0.01159,0.25028,1.233673095703125
-0.00482,-0.01013,0.24546,1.2364163398742676
-0.00494,-0.01068,0.24809,1.2368559837341309
-0.0036,-0.00933,0.25083,1.239363431930542
-0.00281,-0.01025,0.25041,1.2419967651367188
-0.00488,-0.01153,0.24723,1.2446784973144531
-0.00293,-0.00848,0.24656,1.2474756240844727
-0.00427,-0.01159,0.24998,1.247898817062378
-0.00366,-0.01074,0.23638,1.2502052783966064
-0.00451,-0.00878,0.25364,1.2529892921447754
-0.0011,-0.01208,0.2465,1.2559154033660889
-0.00567,-0.01086,0.24711,1.2585909366607666
-0.00445,-0.00884,0.24839,1.2587502002716064
-0.00549,-0.01257,0.24925,1.2614555358886719
-0.00476,-0.01086,0.25028,1.2642157077789307
-0.00226,-0.00958,0.2454,1.2668545246124268
-0.00342,-0.01049,0.25272,1.2698030471801758
-0.00519,-0.00958,0.2501,1.2723357677459717
-0.0061,-0.01037,0.2526,1.2727482318878174
-0.00634,-0.01025,0.25461,1.2753407955169678
-0.00512,-0.00903,0.24894,1.278165340423584
-0.00598,-0.01061,0.25339,1.2809038162231445
-0.0047,-0.01068,0.24784,1.2835845947265625
-0.00458,-0.01092,0.25394,1.2839317321777344
-0.00586,-0.01025,0.25516,1.2866885662078857
-0.00397,-0.00933,0.2479,1.289294719696045
-0.00537,-0.01,0.25065,1.2921204566955566
-0.00634,-0.00939,0.24675,1.2947618961334229
-0.00488,-0.01159,0.24888,1.2951154708862305
-0.00299,-0.01153,0.24918,1.2978272438049316
-0.00403,-0.01,0.24675,1.3006682395935059
-0.00458,-0.01043,0.24711,1.3033738136291504
-0.00519,-0.0086,0.25083,1.3061695098876953
-0.00372,-0.00994,0.24546,1.3088326454162598
-0.00378,-0.01061,0.25358,1.3092143535614014
-0.00305,-0.00964,0.26346,1.3119046688079834
-0.0047,-0.01068,0.25028,1.31467866897583
-0.00323,-0.01037,0.24906,1.3173410892486572
-0.00439,-0.0111,0.249,1.3199477195739746
-0.00525,-0.01061,0.2487,1.3202879428863525
-0.00305,-0.01159,0.24918,1.3230371475219727
-0.0061,-0.01013,0.24955,1.3262248039245605
-0.00512,-0.00939,0.25181,1.3288707733154297
-0.00421,-0.00946,0.249,1.331660509109497
-0.00708,-0.01171,0.23473,1.3320422172546387
-0.00647,-0.01049,0.2526,1.3349454402923584
-0.00329,-0.00909,0.24632,1.3374390602111816
-0.005,-0.01074,0.24778,1.3400335311889648
-0.00262,-0.00994,0.24662,1.3427481651306152
-0.00549,-0.01025,0.26334,1.345445156097412
-0.00342,-0.00976,0.25339,1.345841407775879
-0.00397,-0.00884,0.24693,1.348581075668335
-0.00244,-0.0097,0.24803,1.3512704372406006
-0.0039,-0.00988,0.24864,1.3540048599243164
-0.005,-0.01037,0.23656,1.356736421585083
-0.00342,-0.0111,0.24986,1.3572001457214355
-0.00494,-0.0075,0.24876,1.3600754737854004
-0.00287,-0.01,0.25156,1.3624441623687744
-0.00598,-0.00939,0.24632,1.3651580810546875
-0.00458,-0.01031,0.2462,1.3679134845733643
-0.00659,-0.01049,0.24906,1.3683435916900635
-0.00445,-0.00842,0.25352,1.370908498764038
-0.00622,-0.01049,0.25163,1.3736357688903809
-0.00519,-0.01043,0.24864,1.3762383460998535
-0.00494,-0.01128,0.23479,1.3788771629333496
-0.0047,-0.01019,0.24784,1.3815968036651611
-0.00171,-0.0083,0.24931,1.3819665908813477
-0.00335,-0.01025,0.25095,1.384864330291748
-0.00439,-0.00964,0.2512,1.3874807357788086
-0.00384,-0.01055,0.24925,1.3901746273040771
-0.0058,-0.0119,0.24937,1.3928368091583252
-0.00604,-0.00964,0.25163,1.3933327198028564
-0.00439,-0.01147,0.24693,1.3960959911346436
-0.00415,-0.0111,0.24681,1.398714303970337
-0.00421,-0.00982,0.24912,1.4013469219207764
-0.00756,-0.00988,0.26261,1.404207468032837
-0.00415,-0.00939,0.24882,1.4046165943145752
-0.00525,-0.00988,0.25163,1.4073593616485596
-0.00506,-0.00964,0.24565,1.4099111557006836
-0.00433,-0.00946,0.25053,1.412792444229126
-0.00598,-0.01037,0.24772,1.4154303073883057
-0.00378,-0.01086,0.26474,1.4180567264556885
-0.00531,-0.01202,0.24845,1.4185547828674316
-0.00476,-0.00982,0.24796,1.4209465980529785
-0.0058,-0.01068,0.25419,1.4237661361694336
-0.00439,-0.01049,0.24711,1.4264912605285645
-0.00299,-0.01104,0.24949,1.4297752380371094
-0.00476,-0.00891,0.24613,1.4301908016204834
-0.00598,-0.0111,0.24766,1.4326989650726318
-0.00537,-0.00891,0.25089,1.435436487197876
-0.005,-0.0111,0.24577,1.4380896091461182
-0.00616,-0.00982,0.25034,1.4407293796539307
-0.00543,-0.01031,0.24796,1.4410629272460938
-0.00519,-0.01068,0.24876,1.443955421447754
-0.00415,-0.00988,0.24918,1.4465813636779785
-0.00543,-0.01006,0.24723,1.4493660926818848
-0.00464,-0.01135,0.24534,1.4520282745361328
-0.00567,-0.01226,0.24827,1.454601764678955
-0.00409,-0.0108,0.24748,1.4549572467803955
-0.00549,-0.01061,0.25339,1.4578907489776611
-0.00329,-0.01135,0.2487,1.4605505466461182
-0.00567,-0.01043,0.24638,1.4631950855255127
-0.00525,-0.00939,0.25144,1.4658515453338623
-0.00488,-0.01025,0.25071,1.466261863708496
-0.00427,-0.0111,0.25315,1.4691698551177979
-0.00439,-0.00964,0.2634,1.4717779159545898
-0.00519,-0.00897,0.24705,1.474390983581543
-0.0047,-0.0097,0.25266,1.477055311203003
-0.00634,-0.00878,0.24827,1.477520227432251
-0.00397,-0.01128,0.25175,1.4804251194000244
-0.00506,-0.00811,0.26395,1.4827911853790283
-0.00409,-0.01006,0.24662,1.4853036403656006
-0.00274,-0.01128,0.25266,1.4881865978240967
-0.00653,-0.0097,0.25083,1.4906654357910156
-0.00348,-0.00994,0.24668,1.4913744926452637
-0.00427,-0.01037,0.2357,1.4940414428710938
-0.00348,-0.01043,0.24382,1.4964032173156738
-0.0039,-0.00958,0.24858,1.499225378036499
-0.00482,-0.01104,0.25223,1.5021286010742188
-0.00415,-0.00933,0.24577,1.5022759437561035
-0.00384,-0.01116,0.25114,1.5049583911895752
-0.00573,-0.00988,0.26376,1.5077035427093506
-0.00397,-0.00994,0.25376,1.5104827880859375
-0.00244,-0.01086,0.24833,1.5133185386657715
-0.00549,-0.00872,0.24754,1.5135295391082764
-0.00586,-0.01061,0.25028,1.5160987377166748
-0.00634,-0.01183,0.23424,1.5188970565795898
-0.00378,-0.01049,0.25022,1.5216090679168701
-0.00323,-0.00952,0.24638,1.5244641304016113
-0.00397,-0.00994,0.24937,1.5271296501159668
-0.00458,-0.00982,0.25284,1.5274510383605957
-0.00372,-0.01031,0.25077,1.530590295791626
-0.00384,-0.01068,0.24858,1.5333049297332764
-0.00531,-0.00872,0.24803,1.536081075668335
-0.00445,-0.01043,0.25034,1.5388314723968506
-0.00458,-0.01031,0.24644,1.5392873287200928
-0.00458,-0.00787,0.24894,1.5418353080749512
-0.00525,-0.01098,0.25053,1.5444307327270508
-0.00458,-0.0108,0.24412,1.547192096710205
-0.00317,-0.01013,0.24675,1.5500125885009766
-0.00537,-0.01074,0.24754,1.550370454788208
-0.00256,-0.00781,0.24803,1.552943468093872
-0.005,-0.01159,0.2479,1.5558867454528809
-0.0047,-0.00897,0.24858,1.5584514141082764
-0.00464,-0.00964,0.24864,1.5611331462860107
-0.00543,-0.01165,0.24748,1.5638606548309326
-0.00525,-0.01122,0.2454,1.5642130374908447
-0.00659,-0.01135,0.24986,1.5669043064117432
-0.0047,-0.01086,0.25248,1.5696027278900146
-0.00653,-0.01116,0.24906,1.5722301006317139
-0.00397,-0.01068,0.24851,1.575087308883667
-0.00653,-0.01055,0.26114,1.5755119323730469
-0.00397,-0.01019,0.24528,1.577974557876587
-0.00549,-0.00854,0.25053,1.5808284282684326
-0.00378,-0.01049,0.24925,1.5834991931915283
-0.0036,-0.01128,0.24662,1.5862934589385986
-0.00628,-0.00982,0.26328,1.5866379737854004
-0.00439,-0.00891,0.2526,1.5893244743347168
-0.00409,-0.0122,0.24699,1.5919010639190674
-0.00366,-0.01147,0.2454,1.5946593284606934
-0.00409,-0.00921,0.24748,1.5974035263061523
-0.00659,-0.01049,0.24833,1.6001396179199219
-0.00415,-0.00927,0.23424,1.600550651550293
-0.00409,-0.00958,0.24961,1.603233814239502
-0.00525,-0.00933,0.24705,1.6061241626739502
-0.00256,-0.01177,0.25108,1.6086993217468262
-0.00519,-0.01092,0.24998,1.6114420890808105
-0.005,-0.01,0.23796,1.6118838787078857
-0.00293,-0.01086,0.24809,1.6144616603851318
-0.00421,-0.01025,0.24754,1.6172418594360352
-0.00488,-0.01031,0.24961,1.6198501586914062
-0.00512,-0.01037,0.25291,1.62257719039917
-0.00354,-0.01159,0.2648,1.6229102611541748
-0.00531,-0.00811,0.24839,1.6257812976837158
-0.00592,-0.01061,0.24845,1.6284136772155762
-0.00451,-0.00824,0.25181,1.6311097145080566
-0.00372,-0.01116,0.2512,1.6341488361358643
-0.00384,-0.01116,0.254,1.6368904113769531
-0.00543,-0.00927,0.25065,1.637399673461914
-0.00482,-0.01141,0.24925,1.6401081085205078
-0.00464,-0.01013,0.2462,1.6426265239715576
-0.00659,-0.01061,0.23564,1.6453802585601807
-0.00659,-0.0111,0.25041,1.6480414867401123
-0.00348,-0.00927,0.2443,1.6485874652862549
-0.0039,-0.0097,0.24876,1.651336431503296
-0.00409,-0.01031,0.24961,1.653963565826416
-0.00384,-0.01116,0.2487,1.656571388244629
-0.00323,-0.00897,0.25034,1.6592552661895752
-0.00183,-0.01025,0.24644,1.6597139835357666
-0.00543,-0.00988,0.24973,1.6621277332305908
-0.00482,-0.00982,0.25297,1.664917230606079
-0.00573,-0.01013,0.23698,1.667602777481079
-0.00482,-0.0097,0.24772,1.6703081130981445
-0.00622,-0.00994,0.2476,1.6730906963348389
-0.00549,-0.01098,0.25059,1.6734089851379395
-0.0047,-0.01043,0.24973,1.6762163639068604
-0.00445,-0.00811,0.25468,1.6788885593414307
-0.0061,-0.00866,0.254,1.6815712451934814
-0.00311,-0.01043,0.24796,1.6841719150543213
-0.00366,-0.01019,0.24681,1.6845381259918213
-0.00628,-0.0108,0.24656,1.6873559951782227
-0.00458,-0.01068,0.25223,1.6900439262390137
-0.00244,-0.00952,0.249,1.692718505859375
-0.00165,-0.00964,0.24528,1.695481538772583
-0.00488,-0.00836,0.25126,1.696040391921997
-0.00604,-0.00921,0.24973,1.6986370086669922
-0.00305,-0.00927,0.25083,1.7013025283813477
-0.00555,-0.00836,0.25028,1.7038781642913818
-0.00439,-0.00988,0.25028,1.7065927982330322
-0.0036,-0.00982,0.244,1.7093849182128906
-0.00482,-0.01,0.25431,1.7097868919372559
-0.00421,-0.01068,0.24796,1.7123286724090576
-0.00384,-0.00872,0.24522,1.7153542041778564
-0.00744,-0.00854,0.2637,1.7179458141326904
-0.00342,-0.01037,0.24833,1.720595359802246
-0.00604,-0.01177,0.24992,1.7210967540740967
-0.00543,-0.01153,0.24662,1.7238306999206543
-0.00433,-0.01006,0.2526,1.7264301776885986
-0.0075,-0.00994,0.23644,1.7290983200073242
-0.00586,-0.00988,0.25248,1.7316527366638184
-0.00488,-0.01269,0.24613,1.7321414947509766
-0.00372,-0.00909,0.24882,1.7356407642364502
-0.00525,-0.00939,0.24687,1.739236831665039
-0.00293,-0.01074,0.24687,1.741830825805664
-0.00482,-0.00915,0.24943,1.7442421913146973
-0.005,-0.01061,0.24992,1.7470180988311768
-0.00567,-0.01019,0.23564,1.7474050521850586
-0.00274,-0.01055,0.25181,1.7500715255737305
-0.00525,-0.01037,0.25156,1.7526743412017822
-0.00482,-0.01257,0.24815,1.7556145191192627
-0.00427,-0.01074,0.25144,1.7583184242248535
-0.00342,-0.01013,0.2462,1.758470058441162
-0.00268,-0.01171,0.24888,1.7610442638397217
-0.00494,-0.01348,0.24876,1.763875961303711
-0.00421,-0.00988,0.2465,1.7665901184082031
-0.00512,-0.00988,0.25041,1.7693893909454346
-0.00586,-0.01013,0.25352,1.7696974277496338
-0.00415,-0.01122,0.24675,1.7723569869995117
-0.00573,-0.01147,0.24461,1.7749340534210205
-0.00488,-0.01061,0.24632,1.7778172492980957
-0.00488,-0.01061,0.2476,1.7806241512298584
-0.00409,-0.01006,0.25163,1.7832517623901367
-0.00598,-0.00939,0.23595,1.7835147380828857
-0.00451,-0.01049,0.24925,1.7863211631774902
-0.00403,-0.01092,0.24876,1.789055585861206
-0.00342,-0.00939,0.24894,1.7916817665100098
-0.00482,-0.01116,0.24772,1.7944269180297852
-0.00494,-0.01116,0.24845,1.7947430610656738
-0.00348,-0.00933,0.24351,1.7978029251098633
-0.00305,-0.01025,0.23595,1.8003897666931152
-0.00287,-0.0097,0.24412,1.803260087966919
-0.00451,-0.01006,0.25077,1.8059463500976562
-0.00384,-0.01104,0.24918,1.8062982559204102
-0.00445,-0.00994,0.24644,1.8090109825134277
-0.00458,-0.01055,0.24693,1.8117799758911133
-0.00274,-0.01043,0.24632,1.8143868446350098
-0.00506,-0.00958,0.24925,1.8172056674957275
-0.00293,-0.01006,0.25266,1.8198597431182861
-0.00567,-0.01055,0.24632,1.8202149868011475
-0.00421,-0.00872,0.25437,1.822742223739624
-0.00281,-0.0083,0.24961,1.8257198333740234
-0.00458,-0.00714,0.25095,1.828334093093872
-0.00427,-0.00854,0.24748,1.831028938293457
-0.00421,-0.01153,0.25358,1.8314058780670166
-0.00512,-0.00878,0.24937,1.8340868949890137
-0.00372,-0.00946,0.26498,1.8368678092956543
-0.00439,-0.0111,0.24735,1.840198040008545
-0.00488,-0.0086,0.25065,1.8429336547851562
-0.00537,-0.01086,0.24699,1.843346118927002
-0.00415,-0.00952,0.24809,1.8459501266479492
-0.00598,-0.00976,0.24681,1.8487825393676758
-0.00354,-0.00927,0.24534,1.851433515548706
-0.00604,-0.01092,0.24735,1.8540916442871094
-0.00561,-0.00939,0.25211,1.8566882610321045
-0.00555,-0.00939,0.24796,1.8571183681488037
-0.00531,-0.0108,0.24553,1.8598990440368652
-0.00244,-0.00952,0.26193,1.8625872135162354
-0.0072,-0.01025,0.24882,1.8652925491333008
-0.00659,-0.00927,0.25272,1.8679020404815674
-0.00354,-0.00738,0.2454,1.8684566020965576
-0.00537,-0.00952,0.25047,1.8708415031433105
-0.00641,-0.0097,0.26425,1.8737363815307617
-0.00647,-0.00964,0.24827,1.8763601779937744
-0.00586,-0.00848,0.24955,1.879152536392212
-0.0039,-0.00891,0.24876,1.8795664310455322
-0.0047,-0.01006,0.2537,1.8821275234222412
-0.0047,-0.0097,0.24735,1.8849573135375977
-0.00451,-0.01086,0.24894,1.887566089630127
-0.00482,-0.01025,0.25468,1.890254020690918
-0.00335,-0.01092,0.24961,1.8929946422576904
-0.00525,-0.00866,0.24839,1.893449068069458
-0.00372,-0.01006,0.24607,1.8961212635040283
-0.00531,-0.00848,0.24894,1.8989536762237549
-0.00439,-0.01232,0.25047,1.901653528213501
-0.0036,-0.0097,0.24815,1.9042079448699951
-0.00519,-0.00988,0.24992,1.9045743942260742
-0.00366,-0.01037,0.24912,1.907524824142456
-0.00354,-0.01061,0.25144,1.9101719856262207
-0.00628,-0.00824,0.26401,1.912804365158081
-0.00403,-0.00988,0.2515,1.9153714179992676
-0.00445,-0.01068,0.24723,1.9157111644744873
-0.00506,-0.01104,0.24967,1.9185521602630615
-0.0058,-0.01068,0.25303,1.9211835861206055
-0.00628,-0.01055,0.24937,1.9240100383758545
-0.00726,-0.00909,0.24796,1.926755666732788
-0.00409,-0.01006,0.24723,1.929379940032959
-0.00494,-0.01116,0.24845,1.9298100471496582
-0.00512,-0.01171,0.25339,1.9324264526367188
-0.00366,-0.01074,0.26535,1.9351730346679688
-0.00335,-0.01092,0.24833,1.9377963542938232
-0.00305,-0.01019,0.25278,1.94089674949646
-0.00598,-0.0108,0.25132,1.9412930011749268
-0.00561,-0.01074,0.25041,1.9440793991088867
-0.00409,-0.01006,0.24516,1.9465909004211426
-0.00494,-0.01031,0.25278,1.9492847919464111
-0.00573,-0.01061,0.2487,1.9521422386169434
-0.0039,-0.00903,0.2487,1.9524459838867188
-0.00512,-0.00988,0.25102,1.9554243087768555
-0.00348,-0.01068,0.25041,1.9580738544464111
-0.00293,-0.01055,0.24644,1.9605588912963867
-0.00451,-0.01006,0.25376,1.9632909297943115
-0.00305,-0.01013,0.24912,1.9660391807556152
-0.00604,-0.01055,0.23686,1.9663817882537842
-0.00305,-0.01061,0.24662,1.969071626663208
-0.00628,-0.01061,0.24693,1.9718718528747559
-0.00409,-0.00976,0.25114,1.9743022918701172
-0.00458,-0.00958,0.25102,1.977205514907837
-0.00616,-0.00958,0.25303,1.9775340557098389
-0.00506,-0.01068,0.25449,1.9804582595825195
-0.00354,-0.01049,0.25059,1.9833762645721436
-0.00494,-0.01068,0.24772,1.986046552658081
-0.00372,-0.00994,0.24717,1.98862886428833
-0.00488,-0.01025,0.24809,1.989274501800537
-0.00458,-0.01092,0.25083,1.99161696434021
-0.00403,-0.01086,0.25144,1.9941363334655762
-0.00561,-0.01037,0.25077,1.996955394744873
-0.0058,-0.00933,0.25358,1.9997949600219727
-0.00372,-0.00884,0.23461,2.002570867538452
-0.00537,-0.01037,0.24992,2.0028390884399414
-0.00293,-0.00915,0.24675,2.005547046661377
-0.00287,-0.01019,0.24967,2.008265256881714
-0.00641,-0.01116,0.24784,2.011110782623291
-0.00598,-0.00915,0.25352,2.013817310333252
-0.0036,-0.00897,0.24876,2.0139670372009277
-0.00421,-0.00909,0.24888,2.0167720317840576
-0.00366,-0.00824,0.24656,2.0194907188415527
-0.00464,-0.01098,0.24937,2.0221946239471436
-0.00378,-0.01086,0.24858,2.025010824203491
-0.00555,-0.00946,0.24839,2.0252785682678223
-0.00372,-0.00933,0.24638,2.0280680656433105
-0.00488,-0.00897,0.24973,2.030808687210083
-0.00317,-0.00927,0.2487,2.0335237979888916
-0.0036,-0.01031,0.2476,2.0361227989196777
-0.00555,-0.00921,0.24931,2.038858413696289
-0.0047,-0.01208,0.25181,2.0392048358917236
-0.00451,-0.01159,0.24632,2.042485237121582
-0.00561,-0.01098,0.24778,2.0451555252075195
-0.0047,-0.00958,0.26334,2.047912836074829
-0.00494,-0.00848,0.24778,2.050654411315918
-0.00415,-0.01013,0.24455,2.0510029792785645
-0.0036,-0.01269,0.24705,2.053610324859619
-0.00427,-0.01025,0.24888,2.0562288761138916
-0.00329,-0.00939,0.23455,2.0591328144073486
-0.00458,-0.01068,0.23558,2.0619282722473145
-0.00537,-0.01013,0.24882,2.0622830390930176
-0.00464,-0.00988,0.24693,2.064842462539673
-0.00403,-0.00952,0.2479,2.067476272583008
-0.00201,-0.01068,0.24815,2.0702998638153076
-0.00567,-0.01006,0.2623,2.072934150695801
-0.00458,-0.00836,0.25065,2.075732707977295
-0.00348,-0.01104,0.24656,2.0760624408721924
-0.00549,-0.01043,0.24693,2.078892946243286
-0.00384,-0.01068,0.25034,2.0815699100494385
-0.00226,-0.01006,0.24882,2.084152936935425
-0.00427,-0.01196,0.24675,2.086909532546997
-0.0058,-0.01031,0.25278,2.0872931480407715
-0.00512,-0.01177,0.24882,2.090031385421753
-0.00525,-0.00878,0.24998,2.092777729034424
-0.00445,-0.01214,0.2479,2.0954651832580566
-0.00512,-0.00854,0.24833,2.098266124725342
-0.00329,-0.01135,0.25138,2.0986363887786865
-0.00305,-0.01049,0.24833,2.1014492511749268
-0.00537,-0.01092,0.24876,2.104044198989868
-0.00525,-0.01037,0.24961,2.106679677963257
-0.00427,-0.01037,0.25175,2.109440565109253
-0.00519,-0.00958,0.24809,2.1120553016662598
-0.00409,-0.01019,0.25004,2.1123580932617188
-0.00268,-0.01116,0.24626,2.1150689125061035
-0.00421,-0.01092,0.24577,2.1179234981536865
-0.00458,-0.01055,0.25028,2.1206977367401123
-0.00525,-0.01049,0.24931,2.123276710510254
-0.00543,-0.0108,0.2462,2.123645544052124
-0.00543,-0.00976,0.25034,2.1264209747314453
-0.005,-0.00976,0.25077,2.1291563510894775
-0.00592,-0.0108,0.25041,2.1318488121032715
-0.00464,-0.00964,0.26443,2.1344716548919678
-0.00622,-0.01086,0.24894,2.1348040103912354
-0.00397,-0.0097,0.2526,2.137531042098999
-0.00348,-0.00933,0.24949,2.1401124000549316
-0.0039,-0.01037,0.24723,2.1430623531341553
-0.00464,-0.01098,0.23674,2.1460938453674316
-0.00464,-0.00982,0.25169,2.1488168239593506
-0.00494,-0.00994,0.24681,2.14933705329895
-0.00549,-0.01135,0.24717,2.1519908905029297
-0.00439,-0.01244,0.2343,2.15450382232666
-0.00647,-0.00915,0.24443,2.1572530269622803
-0.0061,-0.00927,0.25126,2.1600136756896973
-0.00366,-0.00952,0.25223,2.160399913787842
-0.00409,-0.00946,0.24833,2.1631975173950195
-0.00525,-0.01049,0.24772,2.1656687259674072
-0.00433,-0.00897,0.24742,2.1683225631713867
-0.00525,-0.01116,0.24949,2.1711602210998535
-0.00299,-0.00933,0.24644,2.1715986728668213
-0.00445,-0.01055,0.24668,2.1742355823516846
-0.00573,-0.01074,0.2479,2.176992177963257
-0.00586,-0.00988,0.24955,2.179649829864502
-0.00335,-0.01049,0.25169,2.182340383529663
-0.0039,-0.01061,0.25181,2.184940814971924
-0.00543,-0.00946,0.25071,2.185452699661255
-0.00525,-0.0111,0.23564,2.1880722045898438
-0.00372,-0.0097,0.2451,2.190716028213501
-0.00512,-0.00927,0.24796,2.1934988498687744
-0.00464,-0.01086,0.2512,2.1961781978607178
-0.00427,-0.01159,0.24613,2.1965694427490234
-0.00531,-0.01043,0.26486,2.199164867401123
-0.0039,-0.01074,0.23613,2.2019872665405273
-0.00397,-0.01128,0.24912,2.2046422958374023
-0.00256,-0.00964,0.2487,2.207512617111206
-0.00573,-0.01202,0.25022,2.2080576419830322
-0.00458,-0.01153,0.24827,2.210655689239502
-0.00329,-0.00964,0.24876,2.2131707668304443
-0.00458,-0.01116,0.24546,2.2159550189971924
-0.00671,-0.01128,0.2498,2.2187137603759766
-0.00543,-0.0122,0.24693,2.2213363647460938
-0.00384,-0.00872,0.24912,2.221845865249634
-0.00586,-0.01098,0.24925,2.2244620323181152
-0.00537,-0.01122,0.24784,2.2271132469177246
-0.00348,-0.01031,0.24821,2.229678153991699
-0.00299,-0.00903,0.24583,2.232440233230591
-0.00213,-0.00933,0.24711,2.232761859893799
-0.00281,-0.00976,0.25077,2.235447883605957
-0.00464,-0.00842,0.25394,2.238110065460205
-0.00342,-0.01147,0.24632,2.2407784461975098
-0.0036,-0.00817,0.24668,2.2434654235839844
-0.00506,-0.00884,0.25413,2.243837356567383
-0.00415,-0.00891,0.23589,2.246539354324341
-0.00397,-0.01128,0.2537,2.25046443939209
-0.00403,-0.00781,0.25132,2.2531466484069824
-0.00384,-0.01238,0.24687,2.2560980319976807
-0.00238,-0.01055,0.249,2.2588236331939697
-0.00152,-0.00982,0.24729,2.2589900493621826
-0.00592,-0.01183,0.24571,2.2618393898010254
-0.00397,-0.00958,0.24766,2.2645576000213623
-0.00427,-0.0111,0.2498,2.2672717571258545
-0.00421,-0.01006,0.24986,2.270030975341797
-0.00287,-0.00903,0.24717,2.2703168392181396
-0.00512,-0.01098,0.25138,2.272984504699707
-0.00549,-0.01086,0.24577,2.2757749557495117
-0.00567,-0.00848,0.24858,2.278491735458374
-0.00403,-0.01025,0.23546,2.281303644180298
-0.00659,-0.01159,0.24772,2.2815866470336914
-0.00598,-0.00915,0.24577,2.2841808795928955
-0.00451,-0.01147,0.24748,2.2869505882263184
-0.00488,-0.00988,0.25114,2.2896759510040283
-0.00525,-0.01,0.24601,2.2924952507019043
-0.00549,-0.01147,0.24943,2.2951395511627197
-0.00525,-0.01159,0.24906,2.295478105545044
-0.00433,-0.01043,0.24662,2.298246383666992
-0.00427,-0.01086,0.24925,2.3009984493255615
-0.00335,-0.01104,0.24766,2.3038198947906494
-0.00476,-0.0122,0.24559,2.3064725399017334
-0.00592,-0.00958,0.24918,2.306824207305908
-0.00573,-0.01177,0.25126,2.3095953464508057
-0.0039,-0.0097,0.24803,2.3122923374176025
-0.0058,-0.01104,0.24931,2.3149821758270264
-0.00342,-0.00976,0.26462,2.3176422119140625
-0.00616,-0.01128,0.2479,2.318019151687622
-0.0039,-0.00933,0.2512,2.320565700531006
-0.00397,-0.0108,0.25059,2.3235249519348145
-0.00384,-0.01055,0.24632,2.326179265975952
-0.00488,-0.01061,0.23509,2.3287203311920166
-0.00323,-0.01153,0.24876,2.331578254699707
-0.00543,-0.01006,0.24925,2.3320295810699463
-0.00525,-0.01177,0.24729,2.334669351577759
-0.00586,-0.01037,0.2476,2.33719539642334
-0.00342,-0.01147,0.26224,2.339996337890625
-0.00677,-0.01116,0.24961,2.3427703380584717
-0.00525,-0.01049,0.25053,2.343165636062622
-0.00409,-0.00921,0.24498,2.3457846641540527
-0.00531,-0.01153,0.25114,2.348419666290283
-0.00488,-0.01244,0.26303,2.351877212524414
-0.00354,-0.01147,0.25181,2.354548692703247
-0.0036,-0.00836,0.24998,2.354966163635254
-0.00458,-0.01159,0.25041,2.3576114177703857
-0.00409,-0.01068,0.24955,2.3604066371917725
-0.00433,-0.01104,0.2512,2.3630895614624023
-0.00519,-0.00909,0.26382,2.3656716346740723
-0.00189,-0.01055,0.25083,2.3682830333709717
-0.0022,-0.01128,0.24748,2.368652105331421
-0.00573,-0.01208,0.24699,2.3714981079101562
-0.00397,-0.01043,0.24937,2.3740692138671875
-0.00433,-0.0097,0.24955,2.376957416534424
-0.00445,-0.00824,0.25407,2.3796584606170654
-0.0011,-0.01,0.24705,2.3801538944244385
-0.005,-0.01055,0.24754,2.382662534713745
-0.00555,-0.01068,0.24961,2.3854777812957764
-0.0058,-0.01141,0.24729,2.3880908489227295
-0.00451,-0.00964,0.25028,2.3908002376556396
-0.00159,-0.01135,0.249,2.3911328315734863
-0.0047,-0.01238,0.24955,2.3938581943511963
-0.00537,-0.01037,0.24882,2.3965003490448
-0.00531,-0.01043,0.23772,2.3994510173797607
-0.00451,-0.0111,0.2487,2.4021263122558594
-0.0058,-0.01092,0.24644,2.4048094749450684
-0.00531,-0.01116,0.24815,2.405372381210327
-0.00494,-0.01086,0.2476,2.4080941677093506
-0.0047,-0.00994,0.25126,2.4106972217559814
-0.00323,-0.00933,0.25108,2.4133806228637695
-0.0047,-0.01238,0.23741,2.4160118103027344
-0.00403,-0.01135,0.24943,2.4163475036621094
-0.0036,-0.00976,0.24662,2.419006586074829
-0.00482,-0.0111,0.24851,2.4217615127563477
-0.00482,-0.00994,0.25114,2.424635887145996
-0.00293,-0.00939,0.25108,2.427255630493164
-0.00384,-0.01031,0.24748,2.4276626110076904
-0.00567,-0.00897,0.24864,2.4303605556488037
-0.00366,-0.01019,0.25132,2.433171510696411
-0.00384,-0.0108,0.24675,2.435868978500366
-0.00555,-0.01019,0.25083,2.4384043216705322
-0.00512,-0.01025,0.2537,2.4410290718078613
-0.00311,-0.01019,0.24912,2.441439390182495
-0.00421,-0.01135,0.25108,2.4441075325012207
-0.00372,-0.01116,0.24778,2.4468774795532227
-0.00543,-0.01153,0.23467,2.449657678604126
-0.00329,-0.01183,0.25041,2.4527244567871094
-0.00561,-0.0111,0.25047,2.453143835067749
-0.00494,-0.00982,0.25455,2.455819606781006
-0.00348,-0.01068,0.24876,2.458529472351074
-0.00561,-0.01098,0.24565,2.4610939025878906
-0.00653,-0.00994,0.24943,2.4637022018432617
-0.00555,-0.01092,0.25089,2.4641339778900146
-0.00512,-0.00976,0.24778,2.466933488845825
-0.00421,-0.01055,0.26199,2.469606637954712
-0.00519,-0.0108,0.25339,2.4721908569335938
-0.00317,-0.01086,0.24784,2.4749715328216553
-0.00598,-0.00842,0.24912,2.4777560234069824
-0.00604,-0.00982,0.24809,2.4782450199127197
-0.00525,-0.00976,0.24943,2.4808781147003174
-0.00512,-0.01122,0.26334,2.483487129211426
-0.005,-0.01,0.24705,2.4860706329345703
-0.00354,-0.00854,0.24766,2.4888112545013428
-0.00415,-0.01049,0.24864,2.489142417907715
-0.00567,-0.01104,0.24571,2.4918324947357178
-0.00439,-0.00842,0.2476,2.49446702003479
-0.00421,-0.01177,0.24888,2.497443914413452
-0.00537,-0.01049,0.24577,2.500189781188965
-0.00476,-0.01171,0.24937,2.5003371238708496
-0.00415,-0.00915,0.24973,2.5031540393829346
-0.0011,-0.01049,0.24656,2.5058767795562744
-0.00482,-0.01177,0.24888,2.508716106414795
-0.00305,-0.00927,0.24766,2.5114850997924805
-0.00494,-0.01019,0.24931,2.51426362991333
-0.00805,-0.00952,0.26309,2.5145304203033447
-0.00573,-0.01086,0.24961,2.517211675643921
-0.00482,-0.01068,0.24931,2.5199618339538574
-0.00433,-0.0108,0.24821,2.52276349067688
-0.00549,-0.01037,0.24626,2.525451898574829
-0.00531,-0.01019,0.26498,2.5257556438446045
-0.00451,-0.00964,0.25059,2.52858304977417
-0.00421,-0.01086,0.24742,2.531130313873291
-0.00464,-0.01025,0.24601,2.533745765686035
-0.00561,-0.00878,0.24955,2.5366530418395996
-0.00445,-0.01055,0.24888,2.5370049476623535
-0.00519,-0.00946,0.24699,2.5396690368652344
-0.00525,-0.01013,0.25211,2.5423295497894287
-0.00494,-0.01043,0.24888,2.5450100898742676
-0.00488,-0.01135,0.24711,2.547842025756836
-0.0061,-0.01086,0.26431,2.550398111343384
-0.00756,-0.01049,0.249,2.5507538318634033
-0.00183,-0.01116,0.24748,2.5536763668060303
-0.00335,-0.01086,0.24778,2.5568909645080566
-0.00531,-0.01165,0.24845,2.5595288276672363
-0.00525,-0.01025,0.25443,2.5622034072875977
-0.00342,-0.01086,0.24809,2.5625510215759277
-0.00372,-0.01061,0.24784,2.5650687217712402
-0.00622,-0.01049,0.24851,2.5680930614471436
-0.00537,-0.01122,0.23503,2.5706441402435303
-0.0036,-0.01263,0.24809,2.5735044479370117
-0.00409,-0.01092,0.24827,2.573870897293091
-0.0039,-0.01202,0.25284,2.5764448642730713
-0.00482,-0.01055,0.25126,2.5790469646453857
-0.00403,-0.01061,0.25095,2.5820274353027344
-0.00335,-0.00921,0.26523,2.584685802459717
-0.00409,-0.01031,0.24735,2.5873353481292725
-0.00604,-0.00903,0.24693,2.5877304077148438
-0.00525,-0.00842,0.24754,2.590404510498047
-0.00378,-0.01074,0.24882,2.593059778213501
-0.00458,-0.01153,0.24534,2.595559597015381
-0.0058,-0.01177,0.25132,2.5986289978027344
-0.00671,-0.00976,0.25199,2.599050998687744
-0.00488,-0.00976,0.24662,2.601604461669922
-0.00604,-0.01068,0.24687,2.604316234588623
-0.00555,-0.01116,0.24675,2.606995105743408
-0.00342,-0.01,0.23546,2.6097896099090576
-0.00531,-0.01104,0.24681,2.6101737022399902
-0.00323,-0.00946,0.24906,2.6127982139587402
-0.00329,-0.01,0.24973,2.6154234409332275
-0.00421,-0.01153,0.24723,2.6182820796966553
-0.00549,-0.01074,0.24778,2.6209354400634766
-0.00458,-0.00982,0.25376,2.62359881401062
-0.00354,-0.01013,0.24858,2.6241142749786377
-0.00281,-0.0111,0.24833,2.6266491413116455
-0.00519,-0.01031,0.2487,2.629476308822632
-0.00531,-0.00994,0.25254,2.6320552825927734
-0.00268,-0.00964,0.24766,2.634909152984619
-0.00512,-0.01025,0.24675,2.6353654861450195
-0.00537,-0.00909,0.2487,2.637883424758911
-0.00567,-0.0097,0.24699,2.6405270099639893
-0.00421,-0.0108,0.24815,2.6432135105133057
-0.00531,-0.01043,0.24943,2.645885705947876
-0.00317,-0.00878,0.25065,2.646254539489746
-0.0047,-0.01043,0.25077,2.6489384174346924
-0.00592,-0.0108,0.25047,2.6516330242156982
-0.00519,-0.00958,0.2462,2.6543350219726562
-0.00525,-0.00769,0.24766,2.6570558547973633
-0.00641,-0.00964,0.25071,2.6600849628448486
-0.00628,-0.01019,0.25284,2.6605849266052246
-0.00616,-0.01006,0.24851,2.6633455753326416
-0.00409,-0.00994,0.25321,2.666029453277588
-0.00329,-0.00891,0.24632,2.6686925888061523
-0.005,-0.01,0.24931,2.6713058948516846
-0.00482,-0.01104,0.24626,2.6716413497924805
-0.00628,-0.01177,0.23461,2.6743316650390625
-0.00525,-0.00866,0.24931,2.677208662033081
-0.00494,-0.01305,0.2501,2.680067300796509
-0.00305,-0.01196,0.25223,2.682583808898926
-0.00421,-0.01165,0.24906,2.682990789413452
-0.00695,-0.00866,0.2537,2.6858222484588623
-0.00323,-0.00994,0.24735,2.6882314682006836
-0.00427,-0.00884,0.24729,2.690999746322632
-0.00689,-0.01061,0.24839,2.6936817169189453
-0.00384,-0.00982,0.24851,2.6964430809020996
-0.00482,-0.01043,0.24931,2.696857213973999
-0.0061,-0.00939,0.24839,2.6996278762817383
-0.00323,-0.01031,0.25053,2.7022788524627686
-0.00409,-0.01043,0.25291,2.7049529552459717
-0.00537,-0.01,0.2465,2.7077536582946777
-0.00458,-0.01141,0.24565,2.708115577697754
-0.00403,-0.01013,0.24735,2.7108829021453857
-0.00427,-0.01037,0.24693,2.7135698795318604
-0.00634,-0.01025,0.25266,2.7162392139434814
-0.00299,-0.01006,0.24772,2.718838691711426
-0.005,-0.01037,0.24821,2.7192423343658447
-0.00342,-0.00927,0.2479,2.7219831943511963
-0.00519,-0.0108,0.24998,2.724559783935547
-0.00567,-0.0119,0.24723,2.7273008823394775
-0.00592,-0.01061,0.25297,2.7299718856811523
-0.00305,-0.00952,0.24693,2.73275089263916
-0.00439,-0.00939,0.24595,2.73311185836792
-0.00573,-0.01159,0.25071,2.7358691692352295
-0.00329,-0.01147,0.24699,2.738407611846924
-0.00403,-0.00988,0.24717,2.7410314083099365
-0.00323,-0.00946,0.24748,2.743722677230835
-0.00451,-0.00976,0.25169,2.743920087814331
-0.00671,-0.01025,0.25327,2.7464473247528076
-0.00421,-0.01177,0.24986,2.7493884563446045
-0.005,-0.00946,0.24778,2.752119302749634
-0.0036,-0.00824,0.25169,2.7549400329589844
-0.00366,-0.00988,0.24638,2.755124092102051
-0.00525,-0.01,0.2637,2.757925271987915
-0.00573,-0.00903,0.24607,2.7609527111053467
-0.0036,-0.0097,0.25352,2.763669490814209
-0.00427,-0.00976,0.26267,2.7665066719055176
-0.00458,-0.00958,0.25321,2.7692060470581055
-0.00421,-0.01128,0.24735,2.769484519958496
-0.00506,-0.01031,0.24986,2.772106647491455
-0.0061,-0.00952,0.25248,2.7750911712646484
-0.00445,-0.01031,0.24613,2.777902841567993
-0.00555,-0.01019,0.2634,2.780538558959961
-0.00335,-0.00958,0.25138,2.780803918838501
-0.00354,-0.00988,0.24455,2.783557415008545
-0.00604,-0.01019,0.24766,2.7862448692321777
-0.00305,-0.01,0.24693,2.788926839828491
-0.00665,-0.01006,0.26407,2.791715145111084
-0.00348,-0.01006,0.25083,2.7920234203338623
-0.00384,-0.01,0.249,2.794591188430786
-0.00293,-0.01135,0.24827,2.7975077629089355
-0.00543,-0.00933,0.24595,2.8002467155456543
-0.00342,-0.01074,0.24699,2.8030595779418945
-0.00397,-0.0108,0.24735,2.8056793212890625
-0.00476,-0.01171,0.26303,2.8060362339019775
-0.00439,-0.00891,0.25156,2.8088552951812744
-0.00531,-0.00964,0.24729,2.811552047729492
-0.00305,-0.01031,0.24864,2.8143463134765625
-0.00348,-0.01031,0.25394,2.816955327987671
-0.0047,-0.00958,0.23516,2.8172874450683594
-0.00464,-0.01037,0.24833,2.820117473602295
-0.00299,-0.00927,0.24687,2.8228442668914795
-0.00415,-0.00976,0.24894,2.8254730701446533
-0.00464,-0.00891,0.25071,2.828179121017456
-0.00348,-0.01165,0.2476,2.8285861015319824
-0.005,-0.01061,0.2465,2.8314363956451416
-0.00512,-0.00927,0.24961,2.834101915359497
-0.00409,-0.01177,0.25181,2.8366665840148926
-0.00464,-0.00952,0.2487,2.8392741680145264
-0.00604,-0.01006,0.26346,2.8419885635375977
-0.00378,-0.00939,0.25065,2.8423256874084473
-0.00183,-0.00976,0.24735,2.845014810562134
-0.00458,-0.01092,0.24632,2.847642660140991
-0.00274,-0.00933,0.24778,2.850303888320923
-0.00433,-0.01043,0.24851,2.8531978130340576
-0.00226,-0.00897,0.24967,2.8536036014556885
-0.00567,-0.01116,0.24735,2.8562815189361572
-0.00567,-0.01165,0.2515,2.8591809272766113
-0.00445,-0.01068,0.24717,2.861839532852173
-0.00451,-0.01122,0.2515,2.8648431301116943
-0.00543,-0.01122,0.24894,2.865164279937744
-0.00494,-0.00964,0.24699,2.867908000946045
-0.00586,-0.01,0.25309,2.870427131652832
-0.00409,-0.01141,0.23473,2.87316632270813
-0.00549,-0.00988,0.26456,2.8760831356048584
-0.00567,-0.01141,0.24424,2.878758430480957
-0.00384,-0.01061,0.25169,2.879240036010742
-0.00397,-0.01043,0.25291,2.881854295730591
-0.00366,-0.00988,0.25114,2.884442090988159
-0.00586,-0.01074,0.26382,2.8871734142303467
-0.00506,-0.0097,0.24894,2.8898117542266846
-0.00531,-0.01141,0.25199,2.8901565074920654
-0.00397,-0.00909,0.24638,2.8928771018981934
-0.00317,-0.01025,0.24833,2.8955817222595215
-0.00439,-0.01086,0.24772,2.89841890335083
-0.00421,-0.00775,0.24754,2.9011950492858887
-0.005,-0.01049,0.25034,2.901562452316284
-0.00329,-0.00793,0.24735,2.904114007949829
-0.00122,-0.01061,0.24888,2.9069275856018066
-0.00458,-0.0108,0.24949,2.90944766998291
-0.00183,-0.01049,0.24851,2.912182092666626
-0.0022,-0.01122,0.24796,2.9148621559143066
-0.00506,-0.01049,0.24766,2.9151675701141357
-0.00421,-0.01128,0.25376,2.918036699295044
-0.00433,-0.00933,0.24668,2.920722484588623
-0.00439,-0.01244,0.24754,2.9233877658843994
-0.00439,-0.01208,0.2479,2.9261856079101562
-0.00409,-0.01104,0.24784,2.926515579223633
-0.00488,-0.01183,0.24735,2.9293055534362793
-0.00445,-0.00909,0.2487,2.932044267654419
-0.00439,-0.01232,0.24687,2.9346261024475098
-0.00329,-0.00903,0.24955,2.9373128414154053
-0.00397,-0.01202,0.24918,2.937682628631592
-0.00329,-0.00988,0.25516,2.9403955936431885
-0.00378,-0.00939,0.24937,2.9431185722351074
-0.00519,-0.01019,0.23796,2.945675849914551
-0.00232,-0.01122,0.24803,2.948390245437622
-0.00415,-0.01135,0.2498,2.9511427879333496
-0.00653,-0.01147,0.24675,2.9515233039855957
-0.00348,-0.00958,0.24717,2.9542291164398193
-0.00427,-0.00939,0.26322,2.957064628601074
-0.00445,-0.00958,0.25272,2.9597008228302
-0.00183,-0.01025,0.2479,2.962216377258301
-0.0061,-0.01214,0.24668,2.9626245498657227
-0.00409,-0.01043,0.24528,2.966731548309326
-0.00458,-0.01068,0.24638,2.969512701034546
-0.00653,-0.01251,0.24809,2.971963882446289
-0.00464,-0.00952,0.24931,2.974825382232666
-0.00397,-0.0086,0.24668,2.975126266479492
-0.00458,-0.00946,0.2476,2.9777064323425293
-0.00445,-0.00958,0.24931,2.980400562286377
-0.00555,-0.00946,0.24973,2.983132839202881
-0.00384,-0.01043,0.24998,2.9860384464263916
-0.00537,-0.01183,0.24803,2.9885854721069336
-0.00354,-0.01,0.24687,2.9889442920684814
-0.00384,-0.00982,0.24998,2.9915547370910645
-0.00335,-0.00884,0.24967,2.9942994117736816
-0.00726,-0.01153,0.24638,2.9970645904541016
-0.00634,-0.00952,0.25053,2.9998693466186523
-0.00415,-0.01025,0.24772,3.0000181198120117
